{
  "project_id": "6",
  "project_name": "My Project",
  "requirements": [
    "Use tech stack: Next.js, TailwindCSS, Prisma, PostgreSQL, Stripe, NextAuth",
    "Create page: Home",
    "Create page: Products",
    "Create page: Product Detail",
    "Create page: Cart",
    "Create page: Checkout",
    "Create page: User Account",
    "Create page: Admin",
    "Include components: Header, Footer, ProductCard, CategoryNav, CartDrawer, SearchBar, ProductGallery, AddToCartButton, ReviewForm, CheckoutForm, OrderSummary"
  ],
  "template_id": "ecommerce_template",
  "project_type": "web",
  "status": "generating",
  "start_time": 1754508179.105025,
  "end_time": null,
  "files_generated": [],
  "errors": []
}