{
  "project_id": "30",
  "project_name": "My Project",
  "requirements": [
    "Use tech stack: React, TypeScript, Next.js, OpenAI GPT, LangChain, PostgreSQL, Redis, Tailwind CSS",
    "Create page: Chat Interface",
    "Create page: Analytics Dashboard",
    "Create page: Training Center",
    "Include components: EnterpriseChatInterface, ConversationLearning, TrainingDashboard, ChatAnalytics, KnowledgeBaseManager, VoiceInterface, SentimentAnalyzer"
  ],
  "template_id": "ai_chatbot_advanced",
  "project_type": "web",
  "status": "generating",
  "start_time": 1754572914.244194,
  "end_time": null,
  "files_generated": [],
  "errors": []
}