{
  "project_id": "26",
  "project_name": "My Project",
  "requirements": [
    "Use tech stack: React, TypeScript, Next.js, OpenAI GPT, PostgreSQL, Redis, Tailwind CSS, Stripe",
    "Create page: Content Studio",
    "Create page: Project Manager",
    "Create page: Analytics Dashboard",
    "Create page: Brand Settings",
    "Include components: AIContentEditor, TemplateSelector, BrandVoiceTrainer, ContentOptimizer, CollaborationPanel, SEOAnalyzer, ExportManager, UsageTracker, TeamInvite, ContentScheduler"
  ],
  "template_id": "ai_content_generator",
  "project_type": "web",
  "status": "generating",
  "start_time": 1754568757.578549,
  "end_time": null,
  "files_generated": [],
  "errors": []
}